{
  "ID": "25",
  "wheel_position": {
    "position_r": 174,
    "position_l": -44,
    "speed_r": 0.0,
    "speed_l": 0.0
  },
  "wheel_orientation": {
    "yaw": 49.96797180175781,
    "pitch": -74.33731079101562,
    "roll": 147.49801635742188
  },
  "food_position": {
    "x": -2.190000057220459,
    "y": 0.25,
    "z": 0.25
  },
  "robot_position": {
    "x": -2.6377971172332764,
    "y": 1.69189453125,
    "z": 0.05824372544884682
  }
}