{
  "ID": "2",
  "wheel_position": {
    "position_r": -5,
    "position_l": -1,
    "speed_r": 0.0,
    "speed_l": 0.0
  },
  "wheel_orientation": {
    "yaw": 81.73786163330078,
    "pitch": 21.478809356689453,
    "roll": -0.012131777592003345
  },
  "food_position": {
    "x": -3.509999990463257,
    "y": 1.1200000047683716,
    "z": 0.25231000781059265
  },
  "robot_position": {
    "x": -2.2250826358795166,
    "y": 0.8770006895065308,
    "z": 0.03978737071156502
  }
}