{
  "ID": "1",
  "wheel_position": {
    "position_r": -1,
    "position_l": -1,
    "speed_r": 0.0,
    "speed_l": 0.0
  },
  "wheel_orientation": {
    "yaw": -0.0005445763235911727,
    "pitch": -20.095731735229492,
    "roll": -3.858431227854453e-05
  },
  "food_position": {
    "x": -2.97499942779541,
    "y": 0.8499995470046997,
    "z": 0.25231000781059265
  },
  "robot_position": {
    "x": -3.725101947784424,
    "y": 0.8769984841346741,
    "z": 0.039786309003829956
  }
}