{
  "ID": "26",
  "wheel_position": {
    "position_r": 188,
    "position_l": -109,
    "speed_r": 0.0,
    "speed_l": 0.0
  },
  "wheel_orientation": {
    "yaw": 42.9860725402832,
    "pitch": -75.50989532470703,
    "roll": -176.25543212890625
  },
  "food_position": {
    "x": -3.640000104904175,
    "y": 0.44999998807907104,
    "z": 0.25
  },
  "robot_position": {
    "x": -3.5955331325531006,
    "y": 0.3113764524459839,
    "z": 0.05780668184161186
  }
}