{
  "ID": "31",
  "wheel_position": {
    "position_r": 646,
    "position_l": 1361,
    "speed_r": 0.0,
    "speed_l": 0.0
  },
  "wheel_orientation": {
    "yaw": -57.090087890625,
    "pitch": -87.25235748291016,
    "roll": -132.14891052246094
  },
  "food_position": {
    "x": -2.2200000286102295,
    "y": 0.15000000596046448,
    "z": 0.25
  },
  "robot_position": {
    "x": -2.1660666465759277,
    "y": 0.8329938054084778,
    "z": 0.0532386377453804
  }
}