{
  "ID": "36",
  "wheel_position": {
    "position_r": -1284,
    "position_l": -1447,
    "speed_r": 0.0,
    "speed_l": 0.0
  },
  "wheel_orientation": {
    "yaw": -167.35755920410156,
    "pitch": 21.460163116455078,
    "roll": 0.02472500316798687
  },
  "food_position": {
    "x": -3.440000057220459,
    "y": 0.9200000166893005,
    "z": 0.25
  },
  "robot_position": {
    "x": -2.589998722076416,
    "y": 1.5000003576278687,
    "z": 0.03978729248046875
  }
}