{
  "ID": "2",
  "wheel_position": {
    "position_r": -1,
    "position_l": -1,
    "speed_r": 0.0,
    "speed_l": 0.0
  },
  "wheel_orientation": {
    "yaw": -0.0018100030720233917,
    "pitch": -20.094141006469727,
    "roll": -2.3934089767863043e-05
  },
  "food_position": {
    "x": -2.97499942779541,
    "y": 0.8499995470046997,
    "z": 0.25231000781059265
  },
  "robot_position": {
    "x": -3.7251250743865967,
    "y": 0.8769973516464233,
    "z": 0.039786260575056076
  }
}