{
  "ID": "41",
  "wheel_position": {
    "position_r": -1294,
    "position_l": -1452,
    "speed_r": 0.0,
    "speed_l": 0.0
  },
  "wheel_orientation": {
    "yaw": -170.73046875,
    "pitch": 21.459516525268555,
    "roll": 0.025929328054189682
  },
  "food_position": {
    "x": -2.0199999809265137,
    "y": 0.5799999833106995,
    "z": 0.25
  },
  "robot_position": {
    "x": -2.580000400543213,
    "y": 0.02999926544725895,
    "z": 0.03978734463453293
  }
}