{
  "ID": "9",
  "wheel_position": {
    "position_r": -330,
    "position_l": -332,
    "speed_r": 0.0,
    "speed_l": 0.0
  },
  "wheel_orientation": {
    "yaw": 97.72674560546875,
    "pitch": -40.03517150878906,
    "roll": 175.50038146972656
  },
  "food_position": {
    "x": -3.7899999618530273,
    "y": 1.4700000286102295,
    "z": 0.25
  },
  "robot_position": {
    "x": -3.9026567935943604,
    "y": 0.7593117952346802,
    "z": 0.06661918014287949
  }
}