{
  "ID": "19",
  "wheel_position": {
    "position_r": -1106,
    "position_l": -455,
    "speed_r": 0.0,
    "speed_l": 0.0
  },
  "wheel_orientation": {
    "yaw": 162.4313201904297,
    "pitch": 2.33050799369812,
    "roll": 179.58010864257812
  },
  "food_position": {
    "x": -2.069999933242798,
    "y": 1.3700000047683716,
    "z": 0.25
  },
  "robot_position": {
    "x": -2.9918463230133057,
    "y": 0.37616777420043945,
    "z": 0.03083890676498413
  }
}