{
  "ID": "33",
  "wheel_position": {
    "position_r": 712,
    "position_l": 1402,
    "speed_r": 0.0,
    "speed_l": 0.0
  },
  "wheel_orientation": {
    "yaw": 64.24298858642578,
    "pitch": -71.46009826660156,
    "roll": 133.14097595214844
  },
  "food_position": {
    "x": -2.619999885559082,
    "y": 0.38999998569488525,
    "z": 0.25
  },
  "robot_position": {
    "x": -2.489347219467163,
    "y": 1.1234760284423828,
    "z": 0.05885101482272148
  }
}