{
  "ID": "4",
  "wheel_position": {
    "position_r": -108,
    "position_l": -145,
    "speed_r": 0.0,
    "speed_l": 0.0
  },
  "wheel_orientation": {
    "yaw": 113.1041488647461,
    "pitch": -69.01722717285156,
    "roll": 125.50782775878906
  },
  "food_position": {
    "x": -3.950000047683716,
    "y": 1.1299999952316284,
    "z": 0.25
  },
  "robot_position": {
    "x": -3.9881348609924316,
    "y": 0.18962474167346954,
    "z": 0.06225388124585152
  }
}