{
  "ID": "11",
  "wheel_position": {
    "position_r": -591,
    "position_l": -353,
    "speed_r": 0.0,
    "speed_l": 0.0
  },
  "wheel_orientation": {
    "yaw": -123.66505432128906,
    "pitch": -62.779762268066406,
    "roll": 115.57022857666016
  },
  "food_position": {
    "x": -3.759999990463257,
    "y": 1.5099999904632568,
    "z": 0.25
  },
  "robot_position": {
    "x": -2.240628719329834,
    "y": 0.7584185600280762,
    "z": 0.06024928018450737
  }
}