{
  "ID": "21",
  "wheel_position": {
    "position_r": -1513,
    "position_l": -708,
    "speed_r": 0.0,
    "speed_l": 0.0
  },
  "wheel_orientation": {
    "yaw": -46.729583740234375,
    "pitch": 8.637083053588867,
    "roll": -177.8284149169922
  },
  "food_position": {
    "x": -2.240000009536743,
    "y": 1.5299999713897705,
    "z": 0.25
  },
  "robot_position": {
    "x": -3.2618985176086426,
    "y": 0.5688797235488892,
    "z": 0.03196403756737709
  }
}