{
  "ID": "16",
  "wheel_position": {
    "position_r": -1197,
    "position_l": -334,
    "speed_r": 0.0,
    "speed_l": 0.0
  },
  "wheel_orientation": {
    "yaw": 147.1850128173828,
    "pitch": 21.627723693847656,
    "roll": -0.06715105473995209
  },
  "food_position": {
    "x": -3.7799999713897705,
    "y": 1.5099999904632568,
    "z": 0.25
  },
  "robot_position": {
    "x": -3.7800230979919434,
    "y": 0.10999665409326553,
    "z": 0.03978637978434563
  }
}