{
  "ID": "0",
  "wheel_position": {
    "position_r": -1,
    "position_l": -1,
    "speed_r": 0.0,
    "speed_l": 0.0
  },
  "wheel_orientation": {
    "yaw": -0.0012596327578648925,
    "pitch": -20.09473419189453,
    "roll": -0.00011946026643272489
  },
  "food_position": {
    "x": -2.97499942779541,
    "y": 0.8499995470046997,
    "z": 0.25231000781059265
  },
  "robot_position": {
    "x": -3.7250802516937256,
    "y": 0.8769988417625427,
    "z": 0.03978641331195831
  }
}