{
  "ID": "34",
  "wheel_position": {
    "position_r": 713,
    "position_l": 1401,
    "speed_r": 0.0,
    "speed_l": 0.0
  },
  "wheel_orientation": {
    "yaw": 52.271461486816406,
    "pitch": -74.16950225830078,
    "roll": 146.03565979003906
  },
  "food_position": {
    "x": -2.990000009536743,
    "y": 0.30000001192092896,
    "z": 0.25
  },
  "robot_position": {
    "x": -3.155548095703125,
    "y": 1.0247697830200195,
    "z": 0.05829339101910591
  }
}