{
  "ID": "30",
  "wheel_position": {
    "position_r": 577,
    "position_l": 1290,
    "speed_r": 0.0,
    "speed_l": 0.0
  },
  "wheel_orientation": {
    "yaw": 150.8213348388672,
    "pitch": 21.479633331298828,
    "roll": 0.01650073751807213
  },
  "food_position": {
    "x": -2.1500000953674316,
    "y": 0.30000001192092896,
    "z": 0.25
  },
  "robot_position": {
    "x": -2.939112663269043,
    "y": 1.6562604904174805,
    "z": 0.03978737071156502
  }
}