{
  "ID": "1",
  "wheel_position": {
    "position_r": -32,
    "position_l": -41,
    "speed_r": 0.0,
    "speed_l": 0.0
  },
  "wheel_orientation": {
    "yaw": -160.07460021972656,
    "pitch": 21.478988647460938,
    "roll": -0.01425542775541544
  },
  "food_position": {
    "x": -3.140000104904175,
    "y": 1.3799999952316284,
    "z": 0.25
  },
  "robot_position": {
    "x": -3.5199995040893555,
    "y": 0.9799997806549072,
    "z": 0.03978731855750084
  }
}