{
  "ID": "29",
  "wheel_position": {
    "position_r": 117,
    "position_l": 6,
    "speed_r": 0.0,
    "speed_l": 0.0
  },
  "wheel_orientation": {
    "yaw": -149.23023986816406,
    "pitch": -8.928475379943848,
    "roll": -75.70137786865234
  },
  "food_position": {
    "x": -3.390000104904175,
    "y": 0.6200000047683716,
    "z": 0.25
  },
  "robot_position": {
    "x": -2.2689218521118164,
    "y": 0.35705798864364624,
    "z": 0.05543939024209976
  }
}