{
  "ID": "1",
  "wheel_position": {
    "position_r": -4,
    "position_l": -1,
    "speed_r": 0.0,
    "speed_l": 0.0
  },
  "wheel_orientation": {
    "yaw": 79.22330474853516,
    "pitch": 21.478059768676758,
    "roll": -0.007819262333214283
  },
  "food_position": {
    "x": -2.7300000190734863,
    "y": 0.10999999940395355,
    "z": 0.25231000781059265
  },
  "robot_position": {
    "x": -2.725083112716675,
    "y": 0.8770008087158203,
    "z": 0.03978732228279114
  }
}