{
  "ID": "5",
  "wheel_position": {
    "position_r": -108,
    "position_l": -143,
    "speed_r": 0.0,
    "speed_l": 0.0
  },
  "wheel_orientation": {
    "yaw": -150.4273223876953,
    "pitch": 21.501304626464844,
    "roll": -0.0655132457613945
  },
  "food_position": {
    "x": -3.009999990463257,
    "y": 0.6700000166893005,
    "z": 0.25
  },
  "robot_position": {
    "x": -3.4803149700164795,
    "y": 1.5347999334335327,
    "z": 0.03978923708200455
  }
}