{
  "ID": "18",
  "wheel_position": {
    "position_r": -1044,
    "position_l": -406,
    "speed_r": 0.0,
    "speed_l": 0.0
  },
  "wheel_orientation": {
    "yaw": -66.0378189086914,
    "pitch": 10.247625350952148,
    "roll": 179.03306579589844
  },
  "food_position": {
    "x": -3.5299999713897705,
    "y": 1.5800000429153442,
    "z": 0.25
  },
  "robot_position": {
    "x": -2.46669602394104,
    "y": 1.0122270584106445,
    "z": 0.03146955370903015
  }
}