{
  "ID": "47",
  "wheel_position": {
    "position_r": -1094,
    "position_l": -1478,
    "speed_r": 0.0,
    "speed_l": 0.0
  },
  "wheel_orientation": {
    "yaw": 174.89739990234375,
    "pitch": 21.468252182006836,
    "roll": 0.047522686421871185
  },
  "food_position": {
    "x": -2.1700000762939453,
    "y": 1.399999976158142,
    "z": 0.25
  },
  "robot_position": {
    "x": -3.589998245239258,
    "y": 1.419999599456787,
    "z": 0.03978726267814636
  }
}