{
  "ID": "7",
  "wheel_position": {
    "position_r": -221,
    "position_l": -258,
    "speed_r": 0.0,
    "speed_l": 0.0
  },
  "wheel_orientation": {
    "yaw": 140.84222412109375,
    "pitch": 21.259870529174805,
    "roll": 179.36109924316406
  },
  "food_position": {
    "x": -2.7899999618530273,
    "y": 1.659999966621399,
    "z": 0.25
  },
  "robot_position": {
    "x": -3.454587459564209,
    "y": 1.683577060699463,
    "z": 0.03051423467695713
  }
}