{
  "ID": "8",
  "wheel_position": {
    "position_r": -295,
    "position_l": -341,
    "speed_r": 0.0,
    "speed_l": 0.0
  },
  "wheel_orientation": {
    "yaw": 58.39508056640625,
    "pitch": 24.55372428894043,
    "roll": -177.27713012695312
  },
  "food_position": {
    "x": -2.680000066757202,
    "y": 1.5399999618530273,
    "z": 0.25
  },
  "robot_position": {
    "x": -3.373063325881958,
    "y": 1.099816918373108,
    "z": 0.030154962092638016
  }
}