{
  "ID": "42",
  "wheel_position": {
    "position_r": -1295,
    "position_l": -1453,
    "speed_r": 0.0,
    "speed_l": 0.0
  },
  "wheel_orientation": {
    "yaw": -170.78109741210938,
    "pitch": 21.46001434326172,
    "roll": 0.026105253025889397
  },
  "food_position": {
    "x": -2.180000066757202,
    "y": 1.090000033378601,
    "z": 0.25
  },
  "robot_position": {
    "x": -3.020000457763672,
    "y": 1.3199994564056396,
    "z": 0.039787355810403824
  }
}