{
  "ID": "49",
  "wheel_position": {
    "position_r": -1097,
    "position_l": -1480,
    "speed_r": 0.0,
    "speed_l": 0.0
  },
  "wheel_orientation": {
    "yaw": 174.6884307861328,
    "pitch": 21.468477249145508,
    "roll": 0.0478007011115551
  },
  "food_position": {
    "x": -2.9000000953674316,
    "y": 0.029999999329447746,
    "z": 0.25
  },
  "robot_position": {
    "x": -2.4599997997283936,
    "y": 0.040000610053539276,
    "z": 0.03978627920150757
  }
}