{
  "ID": "12",
  "wheel_position": {
    "position_r": -591,
    "position_l": -353,
    "speed_r": 0.0,
    "speed_l": 0.0
  },
  "wheel_orientation": {
    "yaw": -103.0021743774414,
    "pitch": 44.21641159057617,
    "roll": 115.11614227294922
  },
  "food_position": {
    "x": -3.7200000286102295,
    "y": 0.6200000047683716,
    "z": 0.25
  },
  "robot_position": {
    "x": -2.6965036392211914,
    "y": 0.4348733127117157,
    "z": 0.07197494804859161
  }
}