{
  "ID": "38",
  "wheel_position": {
    "position_r": -1287,
    "position_l": -1449,
    "speed_r": 0.0,
    "speed_l": 0.0
  },
  "wheel_orientation": {
    "yaw": -170.00100708007812,
    "pitch": 21.459211349487305,
    "roll": 0.02503732405602932
  },
  "food_position": {
    "x": -3.690000057220459,
    "y": 0.33000001311302185,
    "z": 0.25
  },
  "robot_position": {
    "x": -2.940000295639038,
    "y": 0.9000005722045898,
    "z": 0.03978728875517845
  }
}