{
  "ID": "0",
  "wheel_position": {
    "position_r": -31,
    "position_l": -29,
    "speed_r": 0.0,
    "speed_l": 0.0
  },
  "wheel_orientation": {
    "yaw": -3.7168936729431152,
    "pitch": 14.280713081359863,
    "roll": 179.79290771484375
  },
  "food_position": {
    "x": -2.740000009536743,
    "y": 1.3700000047683716,
    "z": 0.25
  },
  "robot_position": {
    "x": -3.989149808883667,
    "y": 1.0633609294891357,
    "z": 0.030900537967681885
  }
}