{
  "ID": "46",
  "wheel_position": {
    "position_r": -1093,
    "position_l": -1477,
    "speed_r": 0.0,
    "speed_l": 0.0
  },
  "wheel_orientation": {
    "yaw": 174.9405517578125,
    "pitch": 21.468828201293945,
    "roll": 0.046679817140102386
  },
  "food_position": {
    "x": -3.2899999618530273,
    "y": 0.7900000214576721,
    "z": 0.25
  },
  "robot_position": {
    "x": -3.940000057220459,
    "y": 0.3700001537799835,
    "z": 0.03978714719414711
  }
}