{
  "ID": "43",
  "wheel_position": {
    "position_r": -1297,
    "position_l": -1454,
    "speed_r": 0.0,
    "speed_l": 0.0
  },
  "wheel_orientation": {
    "yaw": -170.84947204589844,
    "pitch": 21.460086822509766,
    "roll": 0.026093173772096634
  },
  "food_position": {
    "x": -2.869999885559082,
    "y": 0.6200000047683716,
    "z": 0.25
  },
  "robot_position": {
    "x": -2.31000018119812,
    "y": 1.5200005769729614,
    "z": 0.03978731110692024
  }
}