{
  "ID": "28",
  "wheel_position": {
    "position_r": 204,
    "position_l": -111,
    "speed_r": 0.0,
    "speed_l": 0.0
  },
  "wheel_orientation": {
    "yaw": 42.18180465698242,
    "pitch": -75.5902328491211,
    "roll": 179.7585906982422
  },
  "food_position": {
    "x": -3.6500000953674316,
    "y": 1.6200000047683716,
    "z": 0.25
  },
  "robot_position": {
    "x": -2.2676124572753906,
    "y": 0.7477906942367554,
    "z": 0.05753656476736069
  }
}