{
  "ID": "10",
  "wheel_position": {
    "position_r": -591,
    "position_l": -355,
    "speed_r": 0.0,
    "speed_l": 0.0
  },
  "wheel_orientation": {
    "yaw": 90.01251983642578,
    "pitch": 21.574382781982422,
    "roll": 0.0927681028842926
  },
  "food_position": {
    "x": -3.549999952316284,
    "y": 1.3700000047683716,
    "z": 0.25
  },
  "robot_position": {
    "x": -2.3800580501556396,
    "y": 0.7999930381774902,
    "z": 0.039780326187610626
  }
}