{
  "ID": "17",
  "wheel_position": {
    "position_r": -964,
    "position_l": -275,
    "speed_r": 0.0,
    "speed_l": 0.0
  },
  "wheel_orientation": {
    "yaw": 88.46253204345703,
    "pitch": 21.58913803100586,
    "roll": -0.09182298928499222
  },
  "food_position": {
    "x": -2.240000009536743,
    "y": 0.550000011920929,
    "z": 1.25
  },
  "robot_position": {
    "x": -2.393157720565796,
    "y": 0.6462128758430481,
    "z": 0.03978815674781799
  }
}