{
  "ID": "48",
  "wheel_position": {
    "position_r": -1095,
    "position_l": -1479,
    "speed_r": 0.0,
    "speed_l": 0.0
  },
  "wheel_orientation": {
    "yaw": 174.77867126464844,
    "pitch": 21.468435287475586,
    "roll": 0.04763967543840408
  },
  "food_position": {
    "x": -2.990000009536743,
    "y": 1.659999966621399,
    "z": 0.25
  },
  "robot_position": {
    "x": -2.7699999809265137,
    "y": 1.0699999332427979,
    "z": 0.03978719934821129
  }
}