{
  "ID": "22",
  "wheel_position": {
    "position_r": -1545,
    "position_l": -667,
    "speed_r": 0.0,
    "speed_l": 0.0
  },
  "wheel_orientation": {
    "yaw": 63.89811706542969,
    "pitch": -31.168794631958008,
    "roll": 39.2608757019043
  },
  "food_position": {
    "x": -3.3299999237060547,
    "y": 1.340000033378601,
    "z": 0.25
  },
  "robot_position": {
    "x": -2.007246494293213,
    "y": 0.14706379175186157,
    "z": -0.06820736080408096
  }
}