{
  "ID": "4",
  "wheel_position": {
    "position_r": -9,
    "position_l": -1,
    "speed_r": 0.0,
    "speed_l": 0.0
  },
  "wheel_orientation": {
    "yaw": 87.00222778320312,
    "pitch": 21.479299545288086,
    "roll": -0.020113540813326836
  },
  "food_position": {
    "x": -3.2200000286102295,
    "y": 0.5099999904632568,
    "z": 0.25231000781059265
  },
  "robot_position": {
    "x": -1.2250813245773315,
    "y": 0.8770001530647278,
    "z": 0.03978724032640457
  }
}