{
  "ID": "20",
  "wheel_position": {
    "position_r": -216,
    "position_l": -169,
    "speed_r": 0.0,
    "speed_l": 0.0
  },
  "wheel_orientation": {
    "yaw": -159.0561065673828,
    "pitch": -22.413400650024414,
    "roll": -98.93617248535156
  },
  "food_position": {
    "x": -2.1700000762939453,
    "y": 0.10999999940395355,
    "z": 0.25
  },
  "robot_position": {
    "x": -3.5208842754364014,
    "y": 0.4540013372898102,
    "z": 0.065615713596344
  }
}