{
  "ID": "0",
  "wheel_position": {
    "position_r": -2,
    "position_l": 0,
    "speed_r": 0.0,
    "speed_l": 0.0
  },
  "wheel_orientation": {
    "yaw": 76.99797058105469,
    "pitch": 21.478017807006836,
    "roll": -0.003788175992667675
  },
  "food_position": {
    "x": -3.309999942779541,
    "y": 0.18000000715255737,
    "z": 0.25231000781059265
  },
  "robot_position": {
    "x": -3.2250843048095703,
    "y": 0.8769989013671875,
    "z": 0.03978734090924263
  }
}