{
  "ID": "13",
  "wheel_position": {
    "position_r": -649,
    "position_l": -406,
    "speed_r": 0.0,
    "speed_l": 0.0
  },
  "wheel_orientation": {
    "yaw": 141.4910888671875,
    "pitch": 20.420373916625977,
    "roll": -179.94125366210938
  },
  "food_position": {
    "x": -2.130000114440918,
    "y": 1.3899999856948853,
    "z": 0.25
  },
  "robot_position": {
    "x": -2.9950757026672363,
    "y": 0.9009717106819153,
    "z": 0.03188437223434448
  }
}