{
  "ID": "32",
  "wheel_position": {
    "position_r": 711,
    "position_l": 1403,
    "speed_r": 0.0,
    "speed_l": 0.0
  },
  "wheel_orientation": {
    "yaw": -176.61744689941406,
    "pitch": 21.547433853149414,
    "roll": 0.09189002960920334
  },
  "food_position": {
    "x": -2.0199999809265137,
    "y": 0.36000001430511475,
    "z": 0.25
  },
  "robot_position": {
    "x": -3.1087894439697266,
    "y": 0.1969393640756607,
    "z": 0.039786215871572495
  }
}