{
  "ID": "15",
  "wheel_position": {
    "position_r": -882,
    "position_l": -255,
    "speed_r": 0.0,
    "speed_l": 0.0
  },
  "wheel_orientation": {
    "yaw": 7.051761627197266,
    "pitch": -18.5471134185791,
    "roll": -101.85276794433594
  },
  "food_position": {
    "x": -3.0999999046325684,
    "y": 1.0,
    "z": 0.25
  },
  "robot_position": {
    "x": -3.5916380882263184,
    "y": 0.18403756618499756,
    "z": 0.06377048790454865
  }
}