{
  "ID": "2",
  "wheel_position": {
    "position_r": -61,
    "position_l": -79,
    "speed_r": 0.0,
    "speed_l": 0.0
  },
  "wheel_orientation": {
    "yaw": 6.4756388664245605,
    "pitch": 21.481409072875977,
    "roll": -0.021482868120074272
  },
  "food_position": {
    "x": -2.559999942779541,
    "y": 1.6699999570846558,
    "z": 0.25
  },
  "robot_position": {
    "x": -3.269219160079956,
    "y": 1.4796133041381836,
    "z": 0.0397401787340641
  }
}