{
  "ID": "45",
  "wheel_position": {
    "position_r": -1091,
    "position_l": -1475,
    "speed_r": 0.0,
    "speed_l": 0.0
  },
  "wheel_orientation": {
    "yaw": -176.64125061035156,
    "pitch": 21.46904182434082,
    "roll": 0.04707333818078041
  },
  "food_position": {
    "x": -2.0299999713897705,
    "y": 1.3200000524520874,
    "z": 0.25
  },
  "robot_position": {
    "x": -3.6401023864746094,
    "y": 1.4697802066802979,
    "z": 0.03978728875517845
  }
}