{
  "ID": "40",
  "wheel_position": {
    "position_r": -1293,
    "position_l": -1451,
    "speed_r": 0.0,
    "speed_l": 0.0
  },
  "wheel_orientation": {
    "yaw": -170.650634765625,
    "pitch": 21.459949493408203,
    "roll": 0.026114383712410927
  },
  "food_position": {
    "x": -2.7300000190734863,
    "y": 0.23999999463558197,
    "z": 0.25
  },
  "robot_position": {
    "x": -3.4699995517730713,
    "y": 0.45000025629997253,
    "z": 0.0397871695458889
  }
}