{
  "ID": "27",
  "wheel_position": {
    "position_r": 204,
    "position_l": -112,
    "speed_r": 0.0,
    "speed_l": 0.0
  },
  "wheel_orientation": {
    "yaw": 23.76734733581543,
    "pitch": -75.62931823730469,
    "roll": 173.7803192138672
  },
  "food_position": {
    "x": -2.380000114440918,
    "y": 0.10999999940395355,
    "z": 0.25
  },
  "robot_position": {
    "x": -2.288992404937744,
    "y": 0.43414732813835144,
    "z": 0.05765199661254883
  }
}