{
  "ID": "23",
  "wheel_position": {
    "position_r": -1319,
    "position_l": -831,
    "speed_r": 0.0,
    "speed_l": 0.0
  },
  "wheel_orientation": {
    "yaw": -160.72982788085938,
    "pitch": 25.22555160522461,
    "roll": -178.96263122558594
  },
  "food_position": {
    "x": -2.5299999713897705,
    "y": 1.5700000524520874,
    "z": 0.25
  },
  "robot_position": {
    "x": -3.673567295074463,
    "y": 0.6275016069412231,
    "z": 0.029717836529016495
  }
}