{
  "ID": "3",
  "wheel_position": {
    "position_r": -88,
    "position_l": -126,
    "speed_r": 0.0,
    "speed_l": 0.0
  },
  "wheel_orientation": {
    "yaw": -6.336832046508789,
    "pitch": 12.501958847045898,
    "roll": -179.743408203125
  },
  "food_position": {
    "x": -3.299999952316284,
    "y": 1.059999942779541,
    "z": 0.25
  },
  "robot_position": {
    "x": -3.9925971031188965,
    "y": 0.6894766092300415,
    "z": 0.030564263463020325
  }
}