{
  "ID": "3",
  "wheel_position": {
    "position_r": -7,
    "position_l": -1,
    "speed_r": 0.0,
    "speed_l": 0.0
  },
  "wheel_orientation": {
    "yaw": 84.27099609375,
    "pitch": 21.478933334350586,
    "roll": -0.015995454043149948
  },
  "food_position": {
    "x": -3.890000104904175,
    "y": 1.649999976158142,
    "z": 0.25231000781059265
  },
  "robot_position": {
    "x": -1.7250821590423584,
    "y": 0.877000093460083,
    "z": 0.039787407964468
  }
}