{
  "ID": "39",
  "wheel_position": {
    "position_r": -1291,
    "position_l": -1450,
    "speed_r": 0.0,
    "speed_l": 0.0
  },
  "wheel_orientation": {
    "yaw": -175.75372314453125,
    "pitch": 21.459217071533203,
    "roll": 0.02567349374294281
  },
  "food_position": {
    "x": -2.759999990463257,
    "y": 1.090000033378601,
    "z": 0.25
  },
  "robot_position": {
    "x": -2.419999122619629,
    "y": 1.220000147819519,
    "z": 0.03978731110692024
  }
}