{
  "ID": "24",
  "wheel_position": {
    "position_r": 173,
    "position_l": -43,
    "speed_r": 0.0,
    "speed_l": 0.0
  },
  "wheel_orientation": {
    "yaw": 66.3899917602539,
    "pitch": -72.3828353881836,
    "roll": 136.07614135742188
  },
  "food_position": {
    "x": -2.7899999618530273,
    "y": 1.190000057220459,
    "z": 0.25
  },
  "robot_position": {
    "x": -2.9289543628692627,
    "y": 0.7060006856918335,
    "z": 0.058702725917100906
  }
}