{
  "ID": "44",
  "wheel_position": {
    "position_r": -1298,
    "position_l": -1455,
    "speed_r": 0.0,
    "speed_l": 0.0
  },
  "wheel_orientation": {
    "yaw": -170.9066925048828,
    "pitch": 21.436861038208008,
    "roll": 0.03440017253160477
  },
  "food_position": {
    "x": -3.759999990463257,
    "y": 1.090000033378601,
    "z": 0.25
  },
  "robot_position": {
    "x": -3.2300002574920654,
    "y": 1.170000433921814,
    "z": 0.03978733718395233
  }
}