{
  "ID": "6",
  "wheel_position": {
    "position_r": -187,
    "position_l": -219,
    "speed_r": 0.0,
    "speed_l": 0.0
  },
  "wheel_orientation": {
    "yaw": -20.972816467285156,
    "pitch": 17.211294174194336,
    "roll": -179.5643310546875
  },
  "food_position": {
    "x": -2.5,
    "y": 0.17000000178813934,
    "z": 0.25
  },
  "robot_position": {
    "x": -3.0540409088134766,
    "y": 0.1352766752243042,
    "z": 0.029941769316792488
  }
}