{
  "ID": "35",
  "wheel_position": {
    "position_r": -1282,
    "position_l": -1445,
    "speed_r": 0.0,
    "speed_l": 0.0
  },
  "wheel_orientation": {
    "yaw": -118.35035705566406,
    "pitch": 21.45866584777832,
    "roll": 0.02522052451968193
  },
  "food_position": {
    "x": -3.4000000953674316,
    "y": 0.2199999988079071,
    "z": 0.25
  },
  "robot_position": {
    "x": -3.3289473056793213,
    "y": 0.44861549139022827,
    "z": 0.03978729993104935
  }
}