{
  "ID": "14",
  "wheel_position": {
    "position_r": -849,
    "position_l": -356,
    "speed_r": 0.0,
    "speed_l": 0.0
  },
  "wheel_orientation": {
    "yaw": 58.143707275390625,
    "pitch": 14.777082443237305,
    "roll": 178.66050720214844
  },
  "food_position": {
    "x": -2.8299999237060547,
    "y": 1.4299999475479126,
    "z": 0.25
  },
  "robot_position": {
    "x": -2.9014947414398193,
    "y": 0.33294346928596497,
    "z": 0.05711794272065163
  }
}