{
  "ID": "37",
  "wheel_position": {
    "position_r": -1286,
    "position_l": -1448,
    "speed_r": 0.0,
    "speed_l": 0.0
  },
  "wheel_orientation": {
    "yaw": -169.93063354492188,
    "pitch": 21.45961570739746,
    "roll": 0.024826377630233765
  },
  "food_position": {
    "x": -3.390000104904175,
    "y": 1.340000033378601,
    "z": 0.25
  },
  "robot_position": {
    "x": -2.2900004386901855,
    "y": 0.7299997806549072,
    "z": 0.03978731855750084
  }
}